Year,Exchange_Rate,Currency
2000,0.55,Australian dollar   (AUD)                     
2001,0.56,Australian dollar   (AUD)                     
2002,0.57,Australian dollar   (AUD)                     
2003,0.75,Australian dollar   (AUD)                     
2004,0.78,Australian dollar   (AUD)                     
2005,0.73,Australian dollar   (AUD)                     
2006,0.79,Australian dollar   (AUD)                     
2007,0.88,Australian dollar   (AUD)                     
2008,0.69,Australian dollar   (AUD)                     
2009,0.90,Australian dollar   (AUD)                     
2010,1.02,Australian dollar   (AUD)                     
2011,1.02,Australian dollar   (AUD)                     
2012,1.04,Australian dollar   (AUD)                     
2013,0.89,Australian dollar   (AUD)                     
2014,0.82,Australian dollar   (AUD)                     
2015,0.73,Australian dollar   (AUD)                     
2016,0.72,Australian dollar   (AUD)                     
2017,0.78,Australian dollar   (AUD)                     
2018,0.71,Australian dollar   (AUD)                     
2019,0.73,Australian dollar   (AUD)                     
2020,0.76,Australian dollar   (AUD)                     
2000,0.19,Botswana pula   (BWP)                     
2001,0.21,Botswana pula   (BWP)                     
2002,0.21,Botswana pula   (BWP)                     
2003,0.23,Botswana pula   (BWP)                     
2004,0.20,Botswana pula   (BWP)                     
2005,0.18,Botswana pula   (BWP)                     
2006,0.17,Botswana pula   (BWP)                     
2007,0.17,Botswana pula   (BWP)                     
2008,0.13,Botswana pula   (BWP)                     
2009,0.15,Botswana pula   (BWP)                     
2010,0.15,Botswana pula   (BWP)                     
2011,0.13,Botswana pula   (BWP)                     
2012,0.13,Botswana pula   (BWP)                     
2013,0.11,Botswana pula   (BWP)                     
2014,0.11,Botswana pula   (BWP)                     
2015,0.09,Botswana pula   (BWP)                     
2016,0.09,Botswana pula   (BWP)                     
2017,0.10,Botswana pula   (BWP)                     
2018,0.09,Botswana pula   (BWP)                     
2019,0.09,Botswana pula   (BWP)                     
2020,0.09,Botswana pula   (BWP)                     
2000,1.95,Brazilian real   (BRL)                     
2001,2.32,Brazilian real   (BRL)                     
2002,3.53,Brazilian real   (BRL)                     
2003,2.89,Brazilian real   (BRL)                     
2004,2.65,Brazilian real   (BRL)                     
2005,2.34,Brazilian real   (BRL)                     
2006,2.14,Brazilian real   (BRL)                     
2007,1.77,Brazilian real   (BRL)                     
2008,1.76,Brazilian real   (BRL)                     
2009,1.74,Brazilian real   (BRL)                     
2010,1.89,Brazilian real   (BRL)                     
2011,1.89,Brazilian real   (BRL)                     
2012,2.05,Brazilian real   (BRL)                     
2013,2.35,Brazilian real   (BRL)                     
2014,2.66,Brazilian real   (BRL)                     
2015,3.90,Brazilian real   (BRL)                     
2016,3.26,Brazilian real   (BRL)                     
2017,3.31,Brazilian real   (BRL)                     
2018,3.87,Brazilian real   (BRL)                     
2019,4.03,Brazilian real   (BRL)                     
2020,5.17,Brazilian real   (BRL)                     
2000,1.73,Brunei dollar   (BND)                     
2001,1.85,Brunei dollar   (BND)                     
2002,1.74,Brunei dollar   (BND)                     
2003,1.70,Brunei dollar   (BND)                     
2004,1.63,Brunei dollar   (BND)                     
2005,1.66,Brunei dollar   (BND)                     
2006,1.53,Brunei dollar   (BND)                     
2007,1.44,Brunei dollar   (BND)                     
2008,1.44,Brunei dollar   (BND)                     
2009,1.40,Brunei dollar   (BND)                     
2010,1.29,Brunei dollar   (BND)                     
2011,1.30,Brunei dollar   (BND)                     
2012,1.22,Brunei dollar   (BND)                     
2013,1.27,Brunei dollar   (BND)                     
2014,1.32,Brunei dollar   (BND)                     
2015,1.41,Brunei dollar   (BND)                     
2016,1.45,Brunei dollar   (BND)                     
2017,1.34,Brunei dollar   (BND)                     
2018,1.37,Brunei dollar   (BND)                     
2019,1.35,Brunei dollar   (BND)                     
2020,1.34,Brunei dollar   (BND)                     
2000,1.50,Canadian dollar   (CAD)                     
2001,1.59,Canadian dollar   (CAD)                     
2002,1.58,Canadian dollar   (CAD)                     
2003,1.29,Canadian dollar   (CAD)                     
2004,1.20,Canadian dollar   (CAD)                     
2005,1.18,Canadian dollar   (CAD)                     
2006,1.17,Canadian dollar   (CAD)                     
2007,0.99,Canadian dollar   (CAD)                     
2008,1.22,Canadian dollar   (CAD)                     
2009,1.05,Canadian dollar   (CAD)                     
2010,1.00,Canadian dollar   (CAD)                     
2011,1.00,Canadian dollar   (CAD)                     
2012,1.00,Canadian dollar   (CAD)                     
2013,1.06,Canadian dollar   (CAD)                     
2014,1.16,Canadian dollar   (CAD)                     
2015,1.38,Canadian dollar   (CAD)                     
2016,1.34,Canadian dollar   (CAD)                     
2017,1.32,Canadian dollar   (CAD)                     
2018,1.32,Canadian dollar   (CAD)                     
2019,1.31,Canadian dollar   (CAD)                     
2020,1.29,Canadian dollar   (CAD)                     
2000,8.28,Chinese yuan   (CNY)                     
2001,8.28,Chinese yuan   (CNY)                     
2002,8.28,Chinese yuan   (CNY)                     
2003,8.28,Chinese yuan   (CNY)                     
2004,8.17,Chinese yuan   (CNY)                     
2005,8.07,Chinese yuan   (CNY)                     
2006,7.81,Chinese yuan   (CNY)                     
2007,7.32,Chinese yuan   (CNY)                     
2008,6.83,Chinese yuan   (CNY)                     
2009,6.83,Chinese yuan   (CNY)                     
2010,6.62,Chinese yuan   (CNY)                     
2011,6.30,Chinese yuan   (CNY)                     
2012,6.29,Chinese yuan   (CNY)                     
2013,6.10,Chinese yuan   (CNY)                     
2014,6.12,Chinese yuan   (CNY)                     
2015,6.49,Chinese yuan   (CNY)                     
2016,6.95,Chinese yuan   (CNY)                     
2017,6.51,Chinese yuan   (CNY)                     
2018,6.85,Chinese yuan   (CNY)                     
2019,6.99,Chinese yuan   (CNY)                     
2020,6.53,Chinese yuan   (CNY)                     
2000,2187.02,Colombian peso   (COP)                     
2001,2115.63,Colombian peso   (COP)                     
2002,2115.63,Colombian peso   (COP)                     
2003,2115.63,Colombian peso   (COP)                     
2004,2115.63,Colombian peso   (COP)                     
2005,2115.63,Colombian peso   (COP)                     
2006,2115.63,Colombian peso   (COP)                     
2007,2115.63,Colombian peso   (COP)                     
2008,2115.63,Colombian peso   (COP)                     
2009,2044.23,Colombian peso   (COP)                     
2010,1989.88,Colombian peso   (COP)                     
2011,1942.70,Colombian peso   (COP)                     
2012,1771.54,Colombian peso   (COP)                     
2013,1922.56,Colombian peso   (COP)                     
2014,2392.46,Colombian peso   (COP)                     
2015,3149.47,Colombian peso   (COP)                     
2016,3000.71,Colombian peso   (COP)                     
2017,3137.86,Colombian peso   (COP)                     
2018,3275.01,Colombian peso   (COP)                     
2019,3294.05,Colombian peso   (COP)                     
2020,3444.90,Colombian peso   (COP)                     
2000,36.26,Czech koruna   (CZK)                     
2001,36.26,Czech koruna   (CZK)                     
2002,30.96,Czech koruna   (CZK)                     
2003,25.65,Czech koruna   (CZK)                     
2004,25.12,Czech koruna   (CZK)                     
2005,24.59,Czech koruna   (CZK)                     
2006,20.88,Czech koruna   (CZK)                     
2007,18.08,Czech koruna   (CZK)                     
2008,19.35,Czech koruna   (CZK)                     
2009,18.37,Czech koruna   (CZK)                     
2010,18.99,Czech koruna   (CZK)                     
2011,19.94,Czech koruna   (CZK)                     
2012,19.07,Czech koruna   (CZK)                     
2013,19.91,Czech koruna   (CZK)                     
2014,22.83,Czech koruna   (CZK)                     
2015,24.82,Czech koruna   (CZK)                     
2016,26.07,Czech koruna   (CZK)                     
2017,21.29,Czech koruna   (CZK)                     
2018,22.51,Czech koruna   (CZK)                     
2019,22.76,Czech koruna   (CZK)                     
2020,21.68,Czech koruna   (CZK)                     
2000,8.02,Danish krone   (DKK)                     
2001,8.41,Danish krone   (DKK)                     
2002,7.08,Danish krone   (DKK)                     
2003,6.70,Danish krone   (DKK)                     
2004,6.70,Danish krone   (DKK)                     
2005,6.32,Danish krone   (DKK)                     
2006,5.66,Danish krone   (DKK)                     
2007,5.08,Danish krone   (DKK)                     
2008,5.34,Danish krone   (DKK)                     
2009,5.34,Danish krone   (DKK)                     
2010,5.61,Danish krone   (DKK)                     
2011,5.75,Danish krone   (DKK)                     
2012,5.66,Danish krone   (DKK)                     
2013,5.41,Danish krone   (DKK)                     
2014,6.23,Danish krone   (DKK)                     
2015,6.23,Danish krone   (DKK)                     
2016,7.05,Danish krone   (DKK)                     
2017,6.21,Danish krone   (DKK)                     
2018,6.52,Danish krone   (DKK)                     
2019,6.68,Danish krone   (DKK)                     
2020,6.11,Danish krone   (DKK)                     
2000,0.93,Euro   (EUR)                     
2001,0.99,Euro   (EUR)                     
2002,1.05,Euro   (EUR)                     
2003,1.26,Euro   (EUR)                     
2004,1.36,Euro   (EUR)                     
2005,1.18,Euro   (EUR)                     
2006,1.32,Euro   (EUR)                     
2007,1.47,Euro   (EUR)                     
2008,1.39,Euro   (EUR)                     
2009,1.44,Euro   (EUR)                     
2010,1.33,Euro   (EUR)                     
2011,1.29,Euro   (EUR)                     
2012,1.32,Euro   (EUR)                     
2013,1.38,Euro   (EUR)                     
2014,1.21,Euro   (EUR)                     
2015,1.09,Euro   (EUR)                     
2016,1.05,Euro   (EUR)                     
2017,1.20,Euro   (EUR)                     
2018,1.15,Euro   (EUR)                     
2019,1.12,Euro   (EUR)                     
2020,1.22,Euro   (EUR)                     
2000,46.75,Indian rupee   (INR)                     
2001,48.18,Indian rupee   (INR)                     
2002,48.03,Indian rupee   (INR)                     
2003,45.61,Indian rupee   (INR)                     
2004,43.58,Indian rupee   (INR)                     
2005,45.07,Indian rupee   (INR)                     
2006,44.23,Indian rupee   (INR)                     
2007,39.41,Indian rupee   (INR)                     
2008,48.45,Indian rupee   (INR)                     
2009,46.68,Indian rupee   (INR)                     
2010,44.90,Indian rupee   (INR)                     
2011,53.27,Indian rupee   (INR)                     
2012,54.85,Indian rupee   (INR)                     
2013,62.00,Indian rupee   (INR)                     
2014,63.33,Indian rupee   (INR)                     
2015,66.33,Indian rupee   (INR)                     
2016,67.95,Indian rupee   (INR)                     
2017,63.93,Indian rupee   (INR)                     
2018,69.98,Indian rupee   (INR)                     
2019,71.34,Indian rupee   (INR)                     
2020,73.81,Indian rupee   (INR)                     
2000,4.42,Israeli New Shekel   (ILS)                     
2001,4.42,Israeli New Shekel   (ILS)                     
2002,4.40,Israeli New Shekel   (ILS)                     
2003,4.38,Israeli New Shekel   (ILS)                     
2004,4.31,Israeli New Shekel   (ILS)                     
2005,4.60,Israeli New Shekel   (ILS)                     
2006,4.23,Israeli New Shekel   (ILS)                     
2007,3.85,Israeli New Shekel   (ILS)                     
2008,3.80,Israeli New Shekel   (ILS)                     
2009,3.78,Israeli New Shekel   (ILS)                     
2010,3.56,Israeli New Shekel   (ILS)                     
2011,3.82,Israeli New Shekel   (ILS)                     
2012,3.73,Israeli New Shekel   (ILS)                     
2013,3.48,Israeli New Shekel   (ILS)                     
2014,3.89,Israeli New Shekel   (ILS)                     
2015,3.90,Israeli New Shekel   (ILS)                     
2016,3.85,Israeli New Shekel   (ILS)                     
2017,3.47,Israeli New Shekel   (ILS)                     
2018,3.77,Israeli New Shekel   (ILS)                     
2019,3.46,Israeli New Shekel   (ILS)                     
2020,3.22,Israeli New Shekel   (ILS)                     
2000,114.90,Japanese yen   (JPY)                     
2001,116.44,Japanese yen   (JPY)                     
2002,116.44,Japanese yen   (JPY)                     
2003,116.44,Japanese yen   (JPY)                     
2004,116.44,Japanese yen   (JPY)                     
2005,117.97,Japanese yen   (JPY)                     
2006,118.95,Japanese yen   (JPY)                     
2007,100.20,Japanese yen   (JPY)                     
2008,100.20,Japanese yen   (JPY)                     
2009,100.20,Japanese yen   (JPY)                     
2010,81.45,Japanese yen   (JPY)                     
2011,77.72,Japanese yen   (JPY)                     
2012,86.55,Japanese yen   (JPY)                     
2013,105.30,Japanese yen   (JPY)                     
2014,111.05,Japanese yen   (JPY)                     
2015,111.05,Japanese yen   (JPY)                     
2016,116.80,Japanese yen   (JPY)                     
2017,112.90,Japanese yen   (JPY)                     
2018,110.83,Japanese yen   (JPY)                     
2019,109.12,Japanese yen   (JPY)                     
2020,103.63,Japanese yen   (JPY)                     
2000,1326.10,Korean won   (KRW)                     
2001,1326.10,Korean won   (KRW)                     
2002,1261.95,Korean won   (KRW)                     
2003,1197.80,Korean won   (KRW)                     
2004,1035.60,Korean won   (KRW)                     
2005,1013.00,Korean won   (KRW)                     
2006,929.60,Korean won   (KRW)                     
2007,938.20,Korean won   (KRW)                     
2008,1257.50,Korean won   (KRW)                     
2009,1167.60,Korean won   (KRW)                     
2010,1146.10,Korean won   (KRW)                     
2011,1153.30,Korean won   (KRW)                     
2012,1072.50,Korean won   (KRW)                     
2013,1055.60,Korean won   (KRW)                     
2014,1099.20,Korean won   (KRW)                     
2015,1172.00,Korean won   (KRW)                     
2016,1208.50,Korean won   (KRW)                     
2017,1071.40,Korean won   (KRW)                     
2018,1121.30,Korean won   (KRW)                     
2019,1160.90,Korean won   (KRW)                     
2020,1106.60,Korean won   (KRW)                     
2000,0.30,Kuwaiti dinar   (KWD)                     
2001,0.30,Kuwaiti dinar   (KWD)                     
2002,0.30,Kuwaiti dinar   (KWD)                     
2003,0.29,Kuwaiti dinar   (KWD)                     
2004,0.28,Kuwaiti dinar   (KWD)                     
2005,0.28,Kuwaiti dinar   (KWD)                     
2006,0.28,Kuwaiti dinar   (KWD)                     
2007,0.27,Kuwaiti dinar   (KWD)                     
2008,0.28,Kuwaiti dinar   (KWD)                     
2009,0.29,Kuwaiti dinar   (KWD)                     
2010,0.28,Kuwaiti dinar   (KWD)                     
2011,0.28,Kuwaiti dinar   (KWD)                     
2012,0.28,Kuwaiti dinar   (KWD)                     
2013,0.28,Kuwaiti dinar   (KWD)                     
2014,0.29,Kuwaiti dinar   (KWD)                     
2015,0.30,Kuwaiti dinar   (KWD)                     
2016,0.31,Kuwaiti dinar   (KWD)                     
2017,0.30,Kuwaiti dinar   (KWD)                     
2018,0.30,Kuwaiti dinar   (KWD)                     
2019,0.30,Kuwaiti dinar   (KWD)                     
2020,0.30,Kuwaiti dinar   (KWD)                     
2000,3.80,Malaysian ringgit   (MYR)                     
2001,3.80,Malaysian ringgit   (MYR)                     
2002,3.80,Malaysian ringgit   (MYR)                     
2003,3.80,Malaysian ringgit   (MYR)                     
2004,3.80,Malaysian ringgit   (MYR)                     
2005,3.78,Malaysian ringgit   (MYR)                     
2006,3.54,Malaysian ringgit   (MYR)                     
2007,3.31,Malaysian ringgit   (MYR)                     
2008,3.46,Malaysian ringgit   (MYR)                     
2009,3.42,Malaysian ringgit   (MYR)                     
2010,3.08,Malaysian ringgit   (MYR)                     
2011,3.18,Malaysian ringgit   (MYR)                     
2012,3.06,Malaysian ringgit   (MYR)                     
2013,3.29,Malaysian ringgit   (MYR)                     
2014,3.50,Malaysian ringgit   (MYR)                     
2015,4.29,Malaysian ringgit   (MYR)                     
2016,4.49,Malaysian ringgit   (MYR)                     
2017,4.06,Malaysian ringgit   (MYR)                     
2018,4.16,Malaysian ringgit   (MYR)                     
2019,4.11,Malaysian ringgit   (MYR)                     
2020,4.11,Malaysian ringgit   (MYR)                     
2000,26.09,Mauritian rupee   (MUR)                     
2001,26.09,Mauritian rupee   (MUR)                     
2002,26.09,Mauritian rupee   (MUR)                     
2003,26.09,Mauritian rupee   (MUR)                     
2004,28.38,Mauritian rupee   (MUR)                     
2005,30.67,Mauritian rupee   (MUR)                     
2006,34.34,Mauritian rupee   (MUR)                     
2007,28.22,Mauritian rupee   (MUR)                     
2008,31.76,Mauritian rupee   (MUR)                     
2009,30.29,Mauritian rupee   (MUR)                     
2010,29.81,Mauritian rupee   (MUR)                     
2011,29.33,Mauritian rupee   (MUR)                     
2012,30.54,Mauritian rupee   (MUR)                     
2013,30.13,Mauritian rupee   (MUR)                     
2014,31.73,Mauritian rupee   (MUR)                     
2015,35.88,Mauritian rupee   (MUR)                     
2016,36.01,Mauritian rupee   (MUR)                     
2017,33.48,Mauritian rupee   (MUR)                     
2018,34.26,Mauritian rupee   (MUR)                     
2019,36.93,Mauritian rupee   (MUR)                     
2020,39.59,Mauritian rupee   (MUR)                     
2000,10.44,Mexican peso   (MXN)                     
2001,10.44,Mexican peso   (MXN)                     
2002,10.44,Mexican peso   (MXN)                     
2003,11.24,Mexican peso   (MXN)                     
2004,11.15,Mexican peso   (MXN)                     
2005,10.98,Mexican peso   (MXN)                     
2006,10.81,Mexican peso   (MXN)                     
2007,10.92,Mexican peso   (MXN)                     
2008,13.83,Mexican peso   (MXN)                     
2009,13.07,Mexican peso   (MXN)                     
2010,12.38,Mexican peso   (MXN)                     
2011,12.68,Mexican peso   (MXN)                     
2012,12.99,Mexican peso   (MXN)                     
2013,13.07,Mexican peso   (MXN)                     
2014,15.16,Mexican peso   (MXN)                     
2015,17.25,Mexican peso   (MXN)                     
2016,18.46,Mexican peso   (MXN)                     
2017,19.66,Mexican peso   (MXN)                     
2018,19.27,Mexican peso   (MXN)                     
2019,18.87,Mexican peso   (MXN)                     
2020,20.12,Mexican peso   (MXN)                     
2000,0.44,New Zealand dollar   (NZD)                     
2001,0.42,New Zealand dollar   (NZD)                     
2002,0.53,New Zealand dollar   (NZD)                     
2003,0.65,New Zealand dollar   (NZD)                     
2004,0.72,New Zealand dollar   (NZD)                     
2005,0.68,New Zealand dollar   (NZD)                     
2006,0.71,New Zealand dollar   (NZD)                     
2007,0.77,New Zealand dollar   (NZD)                     
2008,0.58,New Zealand dollar   (NZD)                     
2009,0.72,New Zealand dollar   (NZD)                     
2010,0.77,New Zealand dollar   (NZD)                     
2011,0.77,New Zealand dollar   (NZD)                     
2012,0.82,New Zealand dollar   (NZD)                     
2013,0.82,New Zealand dollar   (NZD)                     
2014,0.78,New Zealand dollar   (NZD)                     
2015,0.68,New Zealand dollar   (NZD)                     
2016,0.70,New Zealand dollar   (NZD)                     
2017,0.71,New Zealand dollar   (NZD)                     
2018,0.67,New Zealand dollar   (NZD)                     
2019,0.67,New Zealand dollar   (NZD)                     
2020,0.70,New Zealand dollar   (NZD)                     
2000,8.85,Norwegian krone   (NOK)                     
2001,9.01,Norwegian krone   (NOK)                     
2002,6.97,Norwegian krone   (NOK)                     
2003,6.68,Norwegian krone   (NOK)                     
2004,6.04,Norwegian krone   (NOK)                     
2005,6.77,Norwegian krone   (NOK)                     
2006,6.26,Norwegian krone   (NOK)                     
2007,5.41,Norwegian krone   (NOK)                     
2008,7.00,Norwegian krone   (NOK)                     
2009,5.78,Norwegian krone   (NOK)                     
2010,5.89,Norwegian krone   (NOK)                     
2011,5.99,Norwegian krone   (NOK)                     
2012,5.57,Norwegian krone   (NOK)                     
2013,6.11,Norwegian krone   (NOK)                     
2014,7.43,Norwegian krone   (NOK)                     
2015,8.81,Norwegian krone   (NOK)                     
2016,8.62,Norwegian krone   (NOK)                     
2017,8.21,Norwegian krone   (NOK)                     
2018,8.71,Norwegian krone   (NOK)                     
2019,8.80,Norwegian krone   (NOK)                     
2020,8.73,Norwegian krone   (NOK)                     
2000,0.38,Omani rial   (OMR)                     
2001,0.38,Omani rial   (OMR)                     
2002,0.38,Omani rial   (OMR)                     
2003,0.38,Omani rial   (OMR)                     
2004,0.38,Omani rial   (OMR)                     
2005,0.38,Omani rial   (OMR)                     
2006,0.38,Omani rial   (OMR)                     
2007,0.38,Omani rial   (OMR)                     
2008,0.38,Omani rial   (OMR)                     
2009,0.38,Omani rial   (OMR)                     
2010,0.38,Omani rial   (OMR)                     
2011,0.38,Omani rial   (OMR)                     
2012,0.38,Omani rial   (OMR)                     
2013,0.38,Omani rial   (OMR)                     
2014,0.38,Omani rial   (OMR)                     
2015,0.38,Omani rial   (OMR)                     
2016,0.38,Omani rial   (OMR)                     
2017,0.38,Omani rial   (OMR)                     
2018,0.38,Omani rial   (OMR)                     
2019,0.38,Omani rial   (OMR)                     
2020,0.38,Omani rial   (OMR)                     
2000,3.99,Polish zloty   (PLN)                     
2001,3.99,Polish zloty   (PLN)                     
2002,3.84,Polish zloty   (PLN)                     
2003,3.74,Polish zloty   (PLN)                     
2004,2.99,Polish zloty   (PLN)                     
2005,3.26,Polish zloty   (PLN)                     
2006,2.91,Polish zloty   (PLN)                     
2007,2.44,Polish zloty   (PLN)                     
2008,2.96,Polish zloty   (PLN)                     
2009,2.85,Polish zloty   (PLN)                     
2010,3.00,Polish zloty   (PLN)                     
2011,3.42,Polish zloty   (PLN)                     
2012,3.09,Polish zloty   (PLN)                     
2013,3.02,Polish zloty   (PLN)                     
2014,3.51,Polish zloty   (PLN)                     
2015,3.90,Polish zloty   (PLN)                     
2016,4.18,Polish zloty   (PLN)                     
2017,3.48,Polish zloty   (PLN)                     
2018,3.76,Polish zloty   (PLN)                     
2019,3.80,Polish zloty   (PLN)                     
2020,3.69,Polish zloty   (PLN)                     
2000,3.64,Qatari riyal   (QAR)                     
2001,3.64,Qatari riyal   (QAR)                     
2002,3.64,Qatari riyal   (QAR)                     
2003,3.64,Qatari riyal   (QAR)                     
2004,3.64,Qatari riyal   (QAR)                     
2005,3.64,Qatari riyal   (QAR)                     
2006,3.64,Qatari riyal   (QAR)                     
2007,3.64,Qatari riyal   (QAR)                     
2008,3.64,Qatari riyal   (QAR)                     
2009,3.64,Qatari riyal   (QAR)                     
2010,3.64,Qatari riyal   (QAR)                     
2011,3.64,Qatari riyal   (QAR)                     
2012,3.64,Qatari riyal   (QAR)                     
2013,3.64,Qatari riyal   (QAR)                     
2014,3.64,Qatari riyal   (QAR)                     
2015,3.64,Qatari riyal   (QAR)                     
2016,3.64,Qatari riyal   (QAR)                     
2017,3.64,Qatari riyal   (QAR)                     
2018,3.64,Qatari riyal   (QAR)                     
2019,3.64,Qatari riyal   (QAR)                     
2020,3.64,Qatari riyal   (QAR)                     
2000,29.45,Russian ruble   (RUB)                     
2001,29.45,Russian ruble   (RUB)                     
2002,29.45,Russian ruble   (RUB)                     
2003,29.45,Russian ruble   (RUB)                     
2004,27.75,Russian ruble   (RUB)                     
2005,28.78,Russian ruble   (RUB)                     
2006,26.33,Russian ruble   (RUB)                     
2007,24.55,Russian ruble   (RUB)                     
2008,29.39,Russian ruble   (RUB)                     
2009,30.19,Russian ruble   (RUB)                     
2010,30.48,Russian ruble   (RUB)                     
2011,32.20,Russian ruble   (RUB)                     
2012,30.37,Russian ruble   (RUB)                     
2013,32.73,Russian ruble   (RUB)                     
2014,56.24,Russian ruble   (RUB)                     
2015,72.93,Russian ruble   (RUB)                     
2016,60.66,Russian ruble   (RUB)                     
2017,57.60,Russian ruble   (RUB)                     
2018,69.52,Russian ruble   (RUB)                     
2019,61.91,Russian ruble   (RUB)                     
2020,75.46,Russian ruble   (RUB)                     
2000,3.75,Saudi Arabian riyal   (SAR)                     
2001,3.75,Saudi Arabian riyal   (SAR)                     
2002,3.75,Saudi Arabian riyal   (SAR)                     
2003,3.75,Saudi Arabian riyal   (SAR)                     
2004,3.75,Saudi Arabian riyal   (SAR)                     
2005,3.75,Saudi Arabian riyal   (SAR)                     
2006,3.75,Saudi Arabian riyal   (SAR)                     
2007,3.75,Saudi Arabian riyal   (SAR)                     
2008,3.75,Saudi Arabian riyal   (SAR)                     
2009,3.75,Saudi Arabian riyal   (SAR)                     
2010,3.75,Saudi Arabian riyal   (SAR)                     
2011,3.75,Saudi Arabian riyal   (SAR)                     
2012,3.75,Saudi Arabian riyal   (SAR)                     
2013,3.75,Saudi Arabian riyal   (SAR)                     
2014,3.75,Saudi Arabian riyal   (SAR)                     
2015,3.75,Saudi Arabian riyal   (SAR)                     
2016,3.75,Saudi Arabian riyal   (SAR)                     
2017,3.75,Saudi Arabian riyal   (SAR)                     
2018,3.75,Saudi Arabian riyal   (SAR)                     
2019,3.75,Saudi Arabian riyal   (SAR)                     
2020,3.75,Saudi Arabian riyal   (SAR)                     
2000,1.73,Singapore dollar   (SGD)                     
2001,1.85,Singapore dollar   (SGD)                     
2002,1.74,Singapore dollar   (SGD)                     
2003,1.70,Singapore dollar   (SGD)                     
2004,1.63,Singapore dollar   (SGD)                     
2005,1.66,Singapore dollar   (SGD)                     
2006,1.53,Singapore dollar   (SGD)                     
2007,1.44,Singapore dollar   (SGD)                     
2008,1.44,Singapore dollar   (SGD)                     
2009,1.40,Singapore dollar   (SGD)                     
2010,1.29,Singapore dollar   (SGD)                     
2011,1.30,Singapore dollar   (SGD)                     
2012,1.22,Singapore dollar   (SGD)                     
2013,1.27,Singapore dollar   (SGD)                     
2014,1.32,Singapore dollar   (SGD)                     
2015,1.41,Singapore dollar   (SGD)                     
2016,1.45,Singapore dollar   (SGD)                     
2017,1.34,Singapore dollar   (SGD)                     
2018,1.37,Singapore dollar   (SGD)                     
2019,1.35,Singapore dollar   (SGD)                     
2020,1.34,Singapore dollar   (SGD)                     
2000,7.57,South African rand   (ZAR)                     
2001,12.13,South African rand   (ZAR)                     
2002,8.64,South African rand   (ZAR)                     
2003,6.64,South African rand   (ZAR)                     
2004,5.63,South African rand   (ZAR)                     
2005,6.33,South African rand   (ZAR)                     
2006,6.97,South African rand   (ZAR)                     
2007,6.81,South African rand   (ZAR)                     
2008,9.31,South African rand   (ZAR)                     
2009,7.38,South African rand   (ZAR)                     
2010,6.63,South African rand   (ZAR)                     
2011,8.14,South African rand   (ZAR)                     
2012,8.50,South African rand   (ZAR)                     
2013,10.49,South African rand   (ZAR)                     
2014,11.58,South African rand   (ZAR)                     
2015,15.55,South African rand   (ZAR)                     
2016,13.68,South African rand   (ZAR)                     
2017,14.04,South African rand   (ZAR)                     
2018,14.39,South African rand   (ZAR)                     
2019,14.06,South African rand   (ZAR)                     
2020,14.60,South African rand   (ZAR)                     
2000,1.64,Swiss franc   (CHF)                     
2001,1.51,Swiss franc   (CHF)                     
2002,1.39,Swiss franc   (CHF)                     
2003,1.24,Swiss franc   (CHF)                     
2004,1.13,Swiss franc   (CHF)                     
2005,1.31,Swiss franc   (CHF)                     
2006,1.22,Swiss franc   (CHF)                     
2007,1.13,Swiss franc   (CHF)                     
2008,1.06,Swiss franc   (CHF)                     
2009,1.03,Swiss franc   (CHF)                     
2010,0.94,Swiss franc   (CHF)                     
2011,0.94,Swiss franc   (CHF)                     
2012,0.92,Swiss franc   (CHF)                     
2013,0.89,Swiss franc   (CHF)                     
2014,0.99,Swiss franc   (CHF)                     
2015,0.99,Swiss franc   (CHF)                     
2016,1.02,Swiss franc   (CHF)                     
2017,0.98,Swiss franc   (CHF)                     
2018,0.98,Swiss franc   (CHF)                     
2019,0.97,Swiss franc   (CHF)                     
2020,0.89,Swiss franc   (CHF)                     
2000,6.27,Trinidadian dollar   (TTD)                     
2001,6.24,Trinidadian dollar   (TTD)                     
2002,6.29,Trinidadian dollar   (TTD)                     
2003,6.27,Trinidadian dollar   (TTD)                     
2004,6.27,Trinidadian dollar   (TTD)                     
2005,6.28,Trinidadian dollar   (TTD)                     
2006,6.30,Trinidadian dollar   (TTD)                     
2007,6.32,Trinidadian dollar   (TTD)                     
2008,6.29,Trinidadian dollar   (TTD)                     
2009,6.33,Trinidadian dollar   (TTD)                     
2010,6.41,Trinidadian dollar   (TTD)                     
2011,6.42,Trinidadian dollar   (TTD)                     
2012,6.42,Trinidadian dollar   (TTD)                     
2013,6.45,Trinidadian dollar   (TTD)                     
2014,6.38,Trinidadian dollar   (TTD)                     
2015,6.42,Trinidadian dollar   (TTD)                     
2016,6.75,Trinidadian dollar   (TTD)                     
2017,6.76,Trinidadian dollar   (TTD)                     
2018,6.78,Trinidadian dollar   (TTD)                     
2019,6.77,Trinidadian dollar   (TTD)                     
2020,6.73,Trinidadian dollar   (TTD)                     
2000,3.67,U.A.E. dirham   (AED)                     
2001,3.67,U.A.E. dirham   (AED)                     
2002,3.67,U.A.E. dirham   (AED)                     
2003,3.67,U.A.E. dirham   (AED)                     
2004,3.67,U.A.E. dirham   (AED)                     
2005,3.67,U.A.E. dirham   (AED)                     
2006,3.67,U.A.E. dirham   (AED)                     
2007,3.67,U.A.E. dirham   (AED)                     
2008,3.67,U.A.E. dirham   (AED)                     
2009,3.67,U.A.E. dirham   (AED)                     
2010,3.67,U.A.E. dirham   (AED)                     
2011,3.67,U.A.E. dirham   (AED)                     
2012,3.67,U.A.E. dirham   (AED)                     
2013,3.67,U.A.E. dirham   (AED)                     
2014,3.67,U.A.E. dirham   (AED)                     
2015,3.67,U.A.E. dirham   (AED)                     
2016,3.67,U.A.E. dirham   (AED)                     
2017,3.67,U.A.E. dirham   (AED)                     
2018,3.67,U.A.E. dirham   (AED)                     
2019,3.67,U.A.E. dirham   (AED)                     
2020,3.67,U.A.E. dirham   (AED)                     
2000,1.49,U.K. pound   (GBP)                     
2001,1.45,U.K. pound   (GBP)                     
2002,1.61,U.K. pound   (GBP)                     
2003,1.78,U.K. pound   (GBP)                     
2004,1.93,U.K. pound   (GBP)                     
2005,1.72,U.K. pound   (GBP)                     
2006,1.96,U.K. pound   (GBP)                     
2007,2.00,U.K. pound   (GBP)                     
2008,1.46,U.K. pound   (GBP)                     
2009,1.62,U.K. pound   (GBP)                     
2010,1.54,U.K. pound   (GBP)                     
2011,1.55,U.K. pound   (GBP)                     
2012,1.61,U.K. pound   (GBP)                     
2013,1.65,U.K. pound   (GBP)                     
2014,1.56,U.K. pound   (GBP)                     
2015,1.48,U.K. pound   (GBP)                     
2016,1.23,U.K. pound   (GBP)                     
2017,1.35,U.K. pound   (GBP)                     
2018,1.27,U.K. pound   (GBP)                     
2019,1.31,U.K. pound   (GBP)                     
2020,1.34,U.K. pound   (GBP)                     
2000,1.00,U.S. dollar   (USD)                     
2001,1.00,U.S. dollar   (USD)                     
2002,1.00,U.S. dollar   (USD)                     
2003,1.00,U.S. dollar   (USD)                     
2004,1.00,U.S. dollar   (USD)                     
2005,1.00,U.S. dollar   (USD)                     
2006,1.00,U.S. dollar   (USD)                     
2007,1.00,U.S. dollar   (USD)                     
2008,1.00,U.S. dollar   (USD)                     
2009,1.00,U.S. dollar   (USD)                     
2010,1.00,U.S. dollar   (USD)                     
2011,1.00,U.S. dollar   (USD)                     
2012,1.00,U.S. dollar   (USD)                     
2013,1.00,U.S. dollar   (USD)                     
2014,1.00,U.S. dollar   (USD)                     
2015,1.00,U.S. dollar   (USD)                     
2016,1.00,U.S. dollar   (USD)                     
2017,1.00,U.S. dollar   (USD)                     
2018,1.00,U.S. dollar   (USD)                     
2019,1.00,U.S. dollar   (USD)                     
2020,1.00,U.S. dollar   (USD)                     
